CIK,IRS_NUMBER,COMPANY_CONFORMED_NAME,DATE,STATE_INC,SIC,ORGANIZATION_NAME,FISCAL_YEAR_END,BUSINESS_ADRESS_STREET_1,BUSINESS_ADRESS_STREET_2,BUSINESS_ADRESS_CITY,BUSINESS_ADRESS_STATE,BUSINESS_ADRESS_ZIP,BUSINESS_PHONE,MAIL_ADRESS_STREET_1,MAIL_ADRESS_STREET_2,MAIL_ADRESS_CITY,MAIL_ADRESS_STATE,MAIL_ADRESS_ZIP,FORMER_COMPANY_NAME,DATE_OF_NAME_CHANGE
1067983,470813844,BERKSHIRE HATHAWAY INC,2020-02-14,DE,"FIRE, MARINE & CASUALTY INSURANCE",,1231.0,3555 FARNAM STREET,,OMAHA,NE,68131.0,4023461400.0,3555 FARNAM STREET,,OMAHA,NE,68131.0,NBH INC,1998-08-10
1067983,470813844,BERKSHIRE HATHAWAY INC,2020-05-15 00:00:00,DE,"FIRE, MARINE & CASUALTY INSURANCE",,1231.0,3555 FARNAM STREET,,OMAHA,NE,68131.0,4023461400.0,3555 FARNAM STREET,,OMAHA,NE,68131.0,NBH INC,1998-08-10 00:00:00
1067983,470813844,BERKSHIRE HATHAWAY INC,2020-08-14 00:00:00,DE,"FIRE, MARINE & CASUALTY INSURANCE",,1231.0,3555 FARNAM STREET,,OMAHA,NE,68131.0,4023461400.0,3555 FARNAM STREET,,OMAHA,NE,68131.0,NBH INC,1998-08-10 00:00:00
1067983,470813844,BERKSHIRE HATHAWAY INC,2020-11-16 00:00:00,DE,"FIRE, MARINE & CASUALTY INSURANCE",,1231.0,3555 FARNAM STREET,,OMAHA,NE,68131.0,4023461400.0,3555 FARNAM STREET,,OMAHA,NE,68131.0,NBH INC,1998-08-10 00:00:00
1067983,470813844,BERKSHIRE HATHAWAY INC,2021-02-16 00:00:00,DE,"FIRE, MARINE & CASUALTY INSURANCE",,1231.0,3555 FARNAM STREET,,OMAHA,NE,68131.0,4023461400.0,3555 FARNAM STREET,,OMAHA,NE,68131.0,NBH INC,1998-08-10 00:00:00
1067983,470813844,BERKSHIRE HATHAWAY INC,2021-02-16 00:00:00,DE,"FIRE, MARINE & CASUALTY INSURANCE",,1231.0,3555 FARNAM STREET,,OMAHA,NE,68131.0,4023461400.0,3555 FARNAM STREET,,OMAHA,NE,68131.0,NBH INC,1998-08-10 00:00:00
1067983,470813844,BERKSHIRE HATHAWAY INC,2021-05-17 00:00:00,DE,"FIRE, MARINE & CASUALTY INSURANCE",,1231.0,3555 FARNAM STREET,,OMAHA,NE,68131.0,4023461400.0,3555 FARNAM STREET,,OMAHA,NE,68131.0,NBH INC,1998-08-10 00:00:00
1067983,470813844,BERKSHIRE HATHAWAY INC,2021-08-16 00:00:00,DE,"FIRE, MARINE & CASUALTY INSURANCE",,1231.0,3555 FARNAM STREET,,OMAHA,NE,68131.0,4023461400.0,3555 FARNAM STREET,,OMAHA,NE,68131.0,NBH INC,1998-08-10 00:00:00
1067983,470813844,BERKSHIRE HATHAWAY INC,2021-11-15 00:00:00,DE,"FIRE, MARINE & CASUALTY INSURANCE",,1231.0,3555 FARNAM STREET,,OMAHA,NE,68131.0,4023461400.0,3555 FARNAM STREET,,OMAHA,NE,68131.0,NBH INC,1998-08-10 00:00:00
1067983,470813844,BERKSHIRE HATHAWAY INC,2022-02-14 00:00:00,DE,"FIRE, MARINE & CASUALTY INSURANCE",,1231.0,3555 FARNAM STREET,,OMAHA,NE,68131.0,4023461400.0,3555 FARNAM STREET,,OMAHA,NE,68131.0,NBH INC,1998-08-10 00:00:00
1067983,470813844,BERKSHIRE HATHAWAY INC,2022-05-16 00:00:00,DE,"FIRE, MARINE & CASUALTY INSURANCE",,1231.0,3555 FARNAM STREET,,OMAHA,NE,68131.0,4023461400.0,3555 FARNAM STREET,,OMAHA,NE,68131.0,NBH INC,1998-08-10 00:00:00
1067983,470813844,BERKSHIRE HATHAWAY INC,2022-08-15 00:00:00,DE,"FIRE, MARINE & CASUALTY INSURANCE",,1231.0,3555 FARNAM STREET,,OMAHA,NE,68131.0,4023461400.0,3555 FARNAM STREET,,OMAHA,NE,68131.0,NBH INC,1998-08-10 00:00:00
1067983,470813844,BERKSHIRE HATHAWAY INC,2022-11-14 00:00:00,DE,"FIRE, MARINE & CASUALTY INSURANCE",,1231.0,3555 FARNAM STREET,,OMAHA,NE,68131.0,4023461400.0,3555 FARNAM STREET,,OMAHA,NE,68131.0,NBH INC,1998-08-10 00:00:00
1067983,470813844,BERKSHIRE HATHAWAY INC,2023-02-14 00:00:00,DE,"FIRE, MARINE & CASUALTY INSURANCE",,1231.0,3555 FARNAM STREET,,OMAHA,NE,68131.0,4023461400.0,3555 FARNAM STREET,,OMAHA,NE,68131.0,NBH INC,1998-08-10 00:00:00
1067983,470813844,BERKSHIRE HATHAWAY INC,2023-05-15 00:00:00,DE,"FIRE, MARINE & CASUALTY INSURANCE",,1231.0,3555 FARNAM STREET,,OMAHA,NE,68131.0,4023461400.0,3555 FARNAM STREET,,OMAHA,NE,68131.0,NBH INC,1998-08-10 00:00:00
1067983,470813844,BERKSHIRE HATHAWAY INC,2023-08-14 00:00:00,DE,"FIRE, MARINE & CASUALTY INSURANCE",,1231.0,3555 FARNAM STREET,,OMAHA,NE,68131.0,4023461400.0,3555 FARNAM STREET,,OMAHA,NE,68131.0,NBH INC,1998-08-10 00:00:00
1067983,470813844,BERKSHIRE HATHAWAY INC,2023-11-14 00:00:00,DE,"FIRE, MARINE & CASUALTY INSURANCE",,1231.0,3555 FARNAM STREET,,OMAHA,NE,68131.0,4023461400.0,3555 FARNAM STREET,,OMAHA,NE,68131.0,NBH INC,1998-08-10 00:00:00
1067983,470813844,BERKSHIRE HATHAWAY INC,2023-11-16 00:00:00,DE,"FIRE, MARINE & CASUALTY INSURANCE",,1231.0,3555 FARNAM STREET,,OMAHA,NE,68131.0,4023461400.0,3555 FARNAM STREET,,OMAHA,NE,68131.0,NBH INC,1998-08-10 00:00:00
1067983,470813844,BERKSHIRE HATHAWAY INC,2024-02-14 00:00:00,DE,"FIRE, MARINE & CASUALTY INSURANCE",02 Finance,1231.0,3555 FARNAM STREET,,OMAHA,NE,68131.0,4023461400.0,3555 FARNAM STREET,,OMAHA,NE,68131.0,NBH INC,1998-08-10 00:00:00
1067983,470813844,BERKSHIRE HATHAWAY INC,2024-05-15 00:00:00,DE,"FIRE, MARINE & CASUALTY INSURANCE",02 Finance,1231.0,3555 FARNAM STREET,,OMAHA,NE,68131.0,4023461400.0,3555 FARNAM STREET,,OMAHA,NE,68131.0,NBH INC,1998-08-10 00:00:00
1067983,470813844,BERKSHIRE HATHAWAY INC,2024-05-15 00:00:00,DE,"FIRE, MARINE & CASUALTY INSURANCE",02 Finance,1231.0,3555 FARNAM STREET,,OMAHA,NE,68131.0,4023461400.0,3555 FARNAM STREET,,OMAHA,NE,68131.0,NBH INC,1998-08-10 00:00:00
1067983,470813844,BERKSHIRE HATHAWAY INC,2024-05-15 00:00:00,DE,"FIRE, MARINE & CASUALTY INSURANCE",02 Finance,1231.0,3555 FARNAM STREET,,OMAHA,NE,68131.0,4023461400.0,3555 FARNAM STREET,,OMAHA,NE,68131.0,NBH INC,1998-08-10 00:00:00
1067983,470813844,BERKSHIRE HATHAWAY INC,2024-08-14 00:00:00,DE,"FIRE, MARINE & CASUALTY INSURANCE",02 Finance,1231.0,3555 FARNAM STREET,,OMAHA,NE,68131.0,4023461400.0,3555 FARNAM STREET,,OMAHA,NE,68131.0,NBH INC,1998-08-10 00:00:00
1067983,470813844,BERKSHIRE HATHAWAY INC,2024-11-14 00:00:00,DE,"FIRE, MARINE & CASUALTY INSURANCE",02 Finance,1231.0,3555 FARNAM STREET,,OMAHA,NE,68131.0,4023461400.0,3555 FARNAM STREET,,OMAHA,NE,68131.0,NBH INC,1998-08-10 00:00:00
1067983,470813844,BERKSHIRE HATHAWAY INC,2025-02-14 00:00:00,DE,"FIRE, MARINE & CASUALTY INSURANCE",02 Finance,1231.0,3555 FARNAM STREET,,OMAHA,NE,68131.0,4023461400.0,3555 FARNAM STREET,,OMAHA,NE,68131.0,NBH INC,1998-08-10 00:00:00
1067983,470813844,BERKSHIRE HATHAWAY INC,2019-02-14 00:00:00,DE,"FIRE, MARINE & CASUALTY INSURANCE",,1231.0,3555 FARNAM STREET,,OMAHA,NE,68131.0,4023461400.0,3555 FARNAM STREET,,OMAHA,NE,68131.0,NBH INC,1998-08-10 00:00:00
1067983,470813844,BERKSHIRE HATHAWAY INC,2019-05-15 00:00:00,DE,"FIRE, MARINE & CASUALTY INSURANCE",,1231.0,3555 FARNAM STREET,,OMAHA,NE,68131.0,4023461400.0,3555 FARNAM STREET,,OMAHA,NE,68131.0,NBH INC,1998-08-10 00:00:00
1067983,470813844,BERKSHIRE HATHAWAY INC,2019-08-14 00:00:00,DE,"FIRE, MARINE & CASUALTY INSURANCE",,1231.0,3555 FARNAM STREET,,OMAHA,NE,68131.0,4023461400.0,3555 FARNAM STREET,,OMAHA,NE,68131.0,NBH INC,1998-08-10 00:00:00
1067983,470813844,BERKSHIRE HATHAWAY INC,2019-11-14 00:00:00,DE,"FIRE, MARINE & CASUALTY INSURANCE",,1231.0,3555 FARNAM STREET,,OMAHA,NE,68131.0,4023461400.0,3555 FARNAM STREET,,OMAHA,NE,68131.0,NBH INC,1998-08-10 00:00:00
1067983,470813844,BERKSHIRE HATHAWAY INC,2020-02-14 00:00:00,DE,"FIRE, MARINE & CASUALTY INSURANCE",,1231.0,3555 FARNAM STREET,,OMAHA,NE,68131.0,4023461400.0,3555 FARNAM STREET,,OMAHA,NE,68131.0,NBH INC,1998-08-10 00:00:00
1067983,470813844,BERKSHIRE HATHAWAY INC,2020-05-15 00:00:00,DE,"FIRE, MARINE & CASUALTY INSURANCE",,1231.0,3555 FARNAM STREET,,OMAHA,NE,68131.0,4023461400.0,3555 FARNAM STREET,,OMAHA,NE,68131.0,NBH INC,1998-08-10 00:00:00
1067983,470813844,BERKSHIRE HATHAWAY INC,2020-08-14 00:00:00,DE,"FIRE, MARINE & CASUALTY INSURANCE",,1231.0,3555 FARNAM STREET,,OMAHA,NE,68131.0,4023461400.0,3555 FARNAM STREET,,OMAHA,NE,68131.0,NBH INC,1998-08-10 00:00:00
1067983,470813844,BERKSHIRE HATHAWAY INC,2020-11-16 00:00:00,DE,"FIRE, MARINE & CASUALTY INSURANCE",,1231.0,3555 FARNAM STREET,,OMAHA,NE,68131.0,4023461400.0,3555 FARNAM STREET,,OMAHA,NE,68131.0,NBH INC,1998-08-10 00:00:00
1641761,200068375,1 NORTH WEALTH SERVICES LLC,2019-02-06 00:00:00,MD,,,1231.0,1997 ANNAPOLIS EXCHANGE PKWY,SUITE 250,ANNAPOLIS,MD,21401.0,410.0,1997 ANNAPOLIS EXCHANGE PKWY,SUITE 250,ANNAPOLIS,MD,21401.0,,
1641761,200068375,1 NORTH WEALTH SERVICES LLC,2019-05-08 00:00:00,MD,,,1231.0,1997 ANNAPOLIS EXCHANGE PKWY,SUITE 250,ANNAPOLIS,MD,21401.0,410.0,1997 ANNAPOLIS EXCHANGE PKWY,SUITE 250,ANNAPOLIS,MD,21401.0,,
1641761,200068375,1 NORTH WEALTH SERVICES LLC,2019-10-28 00:00:00,MD,,,1231.0,1997 ANNAPOLIS EXCHANGE PKWY,SUITE 250,ANNAPOLIS,MD,21401.0,410.0,1997 ANNAPOLIS EXCHANGE PKWY,SUITE 250,ANNAPOLIS,MD,21401.0,,
1641761,200068375,1 NORTH WEALTH SERVICES LLC,2020-02-14 00:00:00,MD,,,1231.0,1997 ANNAPOLIS EXCHANGE PKWY,SUITE 250,ANNAPOLIS,MD,21401.0,410.0,1997 ANNAPOLIS EXCHANGE PKWY,SUITE 250,ANNAPOLIS,MD,21401.0,,
1511144,61471358,"10-15 ASSOCIATES, INC.",2019-02-15 00:00:00,NY,,,1231.0,9 COATES DRIVE,,GOSHEN,NY,10924.0,845.0,9 COATES DRIVE,,GOSHEN,NY,10924.0,Oscan Associates Inc.,2011-01-26 00:00:00
1511144,61471358,"10-15 ASSOCIATES, INC.",2019-05-09 00:00:00,NY,,,1231.0,9 COATES DRIVE,,GOSHEN,NY,10924.0,845.0,9 COATES DRIVE,,GOSHEN,NY,10924.0,Oscan Associates Inc.,2011-01-26 00:00:00
1511144,61471358,"10-15 ASSOCIATES, INC.",2019-08-12 00:00:00,NY,,,1231.0,9 COATES DRIVE,,GOSHEN,NY,10924.0,845.0,9 COATES DRIVE,,GOSHEN,NY,10924.0,Oscan Associates Inc.,2011-01-26 00:00:00
1511144,61471358,"10-15 ASSOCIATES, INC.",2019-11-12 00:00:00,NY,,,1231.0,9 COATES DRIVE,,GOSHEN,NY,10924.0,845.0,9 COATES DRIVE,,GOSHEN,NY,10924.0,Oscan Associates Inc.,2011-01-26 00:00:00
1511144,61471358,"10-15 ASSOCIATES, INC.",2020-01-24 00:00:00,NY,,,1231.0,9 COATES DRIVE,,GOSHEN,NY,10924.0,845.0,9 COATES DRIVE,,GOSHEN,NY,10924.0,Oscan Associates Inc.,2011-01-26 00:00:00
1511144,61471358,"10-15 ASSOCIATES, INC.",2020-05-13 00:00:00,NY,,,1231.0,9 COATES DRIVE,,GOSHEN,NY,10924.0,845.0,9 COATES DRIVE,,GOSHEN,NY,10924.0,Oscan Associates Inc.,2011-01-26 00:00:00
1511144,61471358,"10-15 ASSOCIATES, INC.",2020-07-31 00:00:00,NY,,,1231.0,9 COATES DRIVE,,GOSHEN,NY,10924.0,845.0,9 COATES DRIVE,,GOSHEN,NY,10924.0,Oscan Associates Inc.,2011-01-26 00:00:00
1511144,61471358,"10-15 ASSOCIATES, INC.",2020-10-13 00:00:00,NY,,,1231.0,9 COATES DRIVE,,GOSHEN,NY,10924.0,845.0,9 COATES DRIVE,,GOSHEN,NY,10924.0,Oscan Associates Inc.,2011-01-26 00:00:00
1602119,455216654,"1060 Capital, LLC",2019-02-14 00:00:00,IL,,,1231.0,415 N. LASALLE,STE 501,CHICAGO,IL,60654.0,3123613361.0,415 N. LASALLE,STE 501,CHICAGO,IL,60654.0,,
1602119,455216654,"1060 Capital, LLC",2019-05-15 00:00:00,IL,,,1231.0,415 N. LASALLE,STE 501,CHICAGO,IL,60654.0,3123613361.0,415 N. LASALLE,STE 501,CHICAGO,IL,60654.0,,
1602119,455216654,"1060 Capital, LLC",2019-08-14 00:00:00,IL,,,1231.0,415 N. LASALLE,STE 501,CHICAGO,IL,60654.0,3123613361.0,415 N. LASALLE,STE 501,CHICAGO,IL,60654.0,,
1602119,455216654,"1060 Capital, LLC",2019-11-14 00:00:00,IL,,,1231.0,415 N. LASALLE,STE 501,CHICAGO,IL,60654.0,3123613361.0,415 N. LASALLE,STE 501,CHICAGO,IL,60654.0,,
1602119,455216654,"1060 Capital, LLC",2020-02-14 00:00:00,IL,,,1231.0,415 N. LASALLE,STE 501,CHICAGO,IL,60654.0,3123613361.0,415 N. LASALLE,STE 501,CHICAGO,IL,60654.0,,
1602119,455216654,"1060 Capital, LLC",2020-05-13 00:00:00,IL,,,1231.0,210 UNIVERSITY BLVD,SUITE 225,DENVER,CO,80206.0,3123613360.0,210 UNIVERSITY BLVD,SUITE 225,DENVER,CO,80206.0,,
1602119,455216654,"1060 Capital, LLC",2020-08-14 00:00:00,IL,,,1231.0,210 UNIVERSITY BLVD,SUITE 225,DENVER,CO,80206.0,3123613360.0,210 UNIVERSITY BLVD,SUITE 225,DENVER,CO,80206.0,,
1602119,455216654,"1060 Capital, LLC",2020-11-13 00:00:00,IL,,,1231.0,210 UNIVERSITY BLVD,SUITE 225,DENVER,CO,80206.0,3123613360.0,210 UNIVERSITY BLVD,SUITE 225,DENVER,CO,80206.0,,
1540531,453076594,12 West Capital Management LP,2019-02-14 00:00:00,DE,,,1231.0,90 PARK AVENUE,40TH FLOOR,NEW,NY,10016.0,646.0,90 PARK AVENUE,40TH FLOOR,NEW,NY,10016.0,,
1540531,453076594,12 West Capital Management LP,2019-05-15 00:00:00,DE,,,1231.0,90 PARK AVENUE,40TH FLOOR,NEW,NY,10016.0,646.0,90 PARK AVENUE,40TH FLOOR,NEW,NY,10016.0,,
1540531,453076594,12 West Capital Management LP,2019-08-14 00:00:00,DE,,,1231.0,90 PARK AVENUE,40TH FLOOR,NEW,NY,10016.0,646.0,90 PARK AVENUE,40TH FLOOR,NEW,NY,10016.0,,
1540531,453076594,12 West Capital Management LP,2019-11-14 00:00:00,DE,,,1231.0,90 PARK AVENUE,40TH FLOOR,NEW,NY,10016.0,646.0,90 PARK AVENUE,40TH FLOOR,NEW,NY,10016.0,,
1540531,453076594,12 West Capital Management LP,2020-02-14 00:00:00,DE,,,1231.0,90 PARK AVENUE,40TH FLOOR,NEW,NY,10016.0,646.0,90 PARK AVENUE,40TH FLOOR,NEW,NY,10016.0,,
1540531,453076594,12 West Capital Management LP,2020-05-15 00:00:00,DE,,,1231.0,90 PARK AVENUE,40TH FLOOR,NEW,NY,10016.0,646.0,90 PARK AVENUE,40TH FLOOR,NEW,NY,10016.0,,
1540531,453076594,12 West Capital Management LP,2020-08-14 00:00:00,DE,,,1231.0,90 PARK AVENUE,40TH FLOOR,NEW,NY,10016.0,646.0,90 PARK AVENUE,40TH FLOOR,NEW,NY,10016.0,,
1540531,453076594,12 West Capital Management LP,2020-11-16 00:00:00,DE,,,1231.0,90 PARK AVENUE,40TH FLOOR,NEW,NY,10016.0,646.0,90 PARK AVENUE,40TH FLOOR,NEW,NY,10016.0,,
1633703,261243140,"12th Street Asset Management Company, LLC",2019-02-13 00:00:00,DE,,,1231.0,102 WOODMONT BLVD,SUITE 460,NASHVILLE,TN,37205.0,615.0,102 WOODMONT BLVD,SUITE 460,NASHVILLE,TN,37205.0,,
1633703,261243140,"12th Street Asset Management Company, LLC",2019-05-15 00:00:00,DE,,,1231.0,102 WOODMONT BLVD,SUITE 460,NASHVILLE,TN,37205.0,615.0,102 WOODMONT BLVD,SUITE 460,NASHVILLE,TN,37205.0,,
1633703,261243140,"12th Street Asset Management Company, LLC",2019-08-14 00:00:00,DE,,,1231.0,102 WOODMONT BLVD,SUITE 460,NASHVILLE,TN,37205.0,615.0,102 WOODMONT BLVD,SUITE 460,NASHVILLE,TN,37205.0,,
1633703,261243140,"12th Street Asset Management Company, LLC",2019-11-12 00:00:00,DE,,,1231.0,102 WOODMONT BLVD,SUITE 460,NASHVILLE,TN,37205.0,615.0,102 WOODMONT BLVD,SUITE 460,NASHVILLE,TN,37205.0,,
1633703,261243140,"12th Street Asset Management Company, LLC",2020-02-12 00:00:00,DE,,,1231.0,102 WOODMONT BLVD,SUITE 460,NASHVILLE,TN,37205.0,615.0,102 WOODMONT BLVD,SUITE 460,NASHVILLE,TN,37205.0,,
1633703,261243140,"12th Street Asset Management Company, LLC",2020-05-15 00:00:00,DE,,,1231.0,102 WOODMONT BLVD,SUITE 460,NASHVILLE,TN,37205.0,615.0,102 WOODMONT BLVD,SUITE 460,NASHVILLE,TN,37205.0,,
1633703,261243140,"12th Street Asset Management Company, LLC",2020-08-12 00:00:00,DE,,,1231.0,102 WOODMONT BLVD,SUITE 460,NASHVILLE,TN,37205.0,615.0,102 WOODMONT BLVD,SUITE 460,NASHVILLE,TN,37205.0,,
1633703,261243140,"12th Street Asset Management Company, LLC",2020-11-13 00:00:00,DE,,,1231.0,102 WOODMONT BLVD,SUITE 460,NASHVILLE,TN,37205.0,615.0,102 WOODMONT BLVD,SUITE 460,NASHVILLE,TN,37205.0,,
1600133,272434800,13D Management LLC,2019-02-14 00:00:00,NY,,,1231.0,152 WEST 57TH STREET,41ST FLOOR,NEW,NY,10019.0,,152 WEST 57TH STREET,41ST FLOOR,NEW,NY,10019.0,,
1600133,272434800,13D Management LLC,2019-05-02 00:00:00,NY,,,1231.0,152 WEST 57TH STREET,41ST FLOOR,NEW,NY,10019.0,,152 WEST 57TH STREET,41ST FLOOR,NEW,NY,10019.0,,
1600133,272434800,13D Management LLC,2019-05-08 00:00:00,NY,,,1231.0,152 WEST 57TH STREET,41ST FLOOR,NEW,NY,10019.0,,152 WEST 57TH STREET,41ST FLOOR,NEW,NY,10019.0,,
1600133,272434800,13D Management LLC,2019-08-14 00:00:00,NY,,,1231.0,152 WEST 57TH STREET,41ST FLOOR,NEW,NY,10019.0,,152 WEST 57TH STREET,41ST FLOOR,NEW,NY,10019.0,,
1600133,272434800,13D Management LLC,2019-11-14 00:00:00,NY,,,1231.0,152 WEST 57TH STREET,41ST FLOOR,NEW,NY,10019.0,,152 WEST 57TH STREET,41ST FLOOR,NEW,NY,10019.0,,
1600133,272434800,13D Management LLC,2020-02-13 00:00:00,NY,,,1231.0,152 WEST 57TH STREET,41ST FLOOR,NEW,NY,10019.0,,152 WEST 57TH STREET,41ST FLOOR,NEW,NY,10019.0,,
1600133,272434800,13D Management LLC,2020-05-15 00:00:00,NY,,,1231.0,152 WEST 57TH STREET,41ST FLOOR,NEW,NY,10019.0,,152 WEST 57TH STREET,41ST FLOOR,NEW,NY,10019.0,,
1600133,272434800,13D Management LLC,2020-08-14 00:00:00,NY,,,1231.0,152 WEST 57TH STREET,41ST FLOOR,NEW,NY,10019.0,,152 WEST 57TH STREET,41ST FLOOR,NEW,NY,10019.0,,
1600133,272434800,13D Management LLC,2020-11-16 00:00:00,NY,,,1231.0,152 WEST 57TH STREET,41ST FLOOR,NEW,NY,10019.0,,152 WEST 57TH STREET,41ST FLOOR,NEW,NY,10019.0,,
1584087,263390509,1492 Capital Management LLC,2019-02-14 00:00:00,DE,,,1231.0,309 N WATER ST,SUITE 505,MILWAUKEE,WI,53202.0,4142761492.0,309 N WATER ST,SUITE 505,MILWAUKEE,WI,53202.0,,
1584087,263390509,1492 Capital Management LLC,2019-05-14 00:00:00,DE,,,1231.0,309 N WATER ST,SUITE 505,MILWAUKEE,WI,53202.0,4142761492.0,309 N WATER ST,SUITE 505,MILWAUKEE,WI,53202.0,,
1584087,263390509,1492 Capital Management LLC,2019-08-06 00:00:00,DE,,,1231.0,309 N WATER ST,SUITE 505,MILWAUKEE,WI,53202.0,4142761492.0,309 N WATER ST,SUITE 505,MILWAUKEE,WI,53202.0,,
1584087,263390509,1492 Capital Management LLC,2019-11-05 00:00:00,DE,,,1231.0,309 N WATER ST,SUITE 210,MILWAUKEE,WI,53202.0,4142761492.0,309 N WATER ST,SUITE 210,MILWAUKEE,WI,53202.0,,
1584087,263390509,1492 Capital Management LLC,2020-02-06 00:00:00,DE,,,1231.0,309 N WATER ST,SUITE 210,MILWAUKEE,WI,53202.0,4142761492.0,309 N WATER ST,SUITE 210,MILWAUKEE,WI,53202.0,,
1584087,263390509,1492 Capital Management LLC,2020-05-11 00:00:00,DE,,,1231.0,309 N WATER ST,SUITE 210,MILWAUKEE,WI,53202.0,4142761492.0,309 N WATER ST,SUITE 210,MILWAUKEE,WI,53202.0,,
1584087,263390509,1492 Capital Management LLC,2020-08-12 00:00:00,DE,,,1231.0,309 N WATER ST,SUITE 210,MILWAUKEE,WI,53202.0,4142761492.0,309 N WATER ST,SUITE 210,MILWAUKEE,WI,53202.0,,
1584087,263390509,1492 Capital Management LLC,2020-11-12 00:00:00,DE,,,1231.0,309 N WATER ST,SUITE 210,MILWAUKEE,WI,53202.0,4142761492.0,309 N WATER ST,SUITE 210,MILWAUKEE,WI,53202.0,,
1436866,260529973,"1607 Capital Partners, LLC",2019-02-14 00:00:00,VA,,,1231.0,13 S. 13TH STREET,SUITE 400,RICHMOND,VA,23219.0,1.0,13 S. 13TH STREET,SUITE 400,RICHMOND,VA,23219.0,,
1436866,260529973,"1607 Capital Partners, LLC",2019-05-15 00:00:00,VA,,,1231.0,13 S. 13TH STREET,SUITE 400,RICHMOND,VA,23219.0,1.0,13 S. 13TH STREET,SUITE 400,RICHMOND,VA,23219.0,,
1436866,260529973,"1607 Capital Partners, LLC",2019-08-14 00:00:00,VA,,,1231.0,13 S. 13TH STREET,SUITE 400,RICHMOND,VA,23219.0,1.0,13 S. 13TH STREET,SUITE 400,RICHMOND,VA,23219.0,,
1436866,260529973,"1607 Capital Partners, LLC",2019-11-14 00:00:00,VA,,,1231.0,13 S. 13TH STREET,SUITE 400,RICHMOND,VA,23219.0,1.0,13 S. 13TH STREET,SUITE 400,RICHMOND,VA,23219.0,,
1436866,260529973,"1607 Capital Partners, LLC",2020-02-14 00:00:00,DE,,,1231.0,13 S. 13TH STREET,SUITE 400,RICHMOND,VA,23219.0,1.0,13 S. 13TH STREET,SUITE 400,RICHMOND,VA,23219.0,,
1436866,260529973,"1607 Capital Partners, LLC",2020-05-15 00:00:00,DE,,,1231.0,13 S. 13TH STREET,SUITE 400,RICHMOND,VA,23219.0,1.0,13 S. 13TH STREET,SUITE 400,RICHMOND,VA,23219.0,,
1436866,260529973,"1607 Capital Partners, LLC",2020-08-14 00:00:00,DE,,,1231.0,13 S. 13TH STREET,SUITE 400,RICHMOND,VA,23219.0,1.0,13 S. 13TH STREET,SUITE 400,RICHMOND,VA,23219.0,,
1436866,260529973,"1607 Capital Partners, LLC",2020-11-16 00:00:00,DE,,,1231.0,13 S. 13TH STREET,SUITE 400,RICHMOND,VA,23219.0,1.0,13 S. 13TH STREET,SUITE 400,RICHMOND,VA,23219.0,,
1730817,821014572,"180 WEALTH ADVISORS, LLC",2019-01-15 00:00:00,WA,,,1231.0,"32125 32ND AVENUE SOUTH, SUITE 100",,FEDERAL,WA,98001.0,,"32125 32ND AVENUE SOUTH, SUITE 100",,FEDERAL,WA,98001.0,,
1730817,821014572,"180 WEALTH ADVISORS, LLC",2019-05-14 00:00:00,WA,,,1231.0,"32125 32ND AVENUE SOUTH, SUITE 100",,FEDERAL,WA,98001.0,,"32125 32ND AVENUE SOUTH, SUITE 100",,FEDERAL,WA,98001.0,,
1730817,821014572,"180 WEALTH ADVISORS, LLC",2019-08-05 00:00:00,WA,,,1231.0,"32125 32ND AVENUE SOUTH, SUITE 100",,FEDERAL,WA,98001.0,,"32125 32ND AVENUE SOUTH, SUITE 100",,FEDERAL,WA,98001.0,,
1730817,821014572,"180 WEALTH ADVISORS, LLC",2019-10-22 00:00:00,WA,,,1231.0,"32125 32ND AVENUE SOUTH, SUITE 100",,FEDERAL,WA,98001.0,,"32125 32ND AVENUE SOUTH, SUITE 100",,FEDERAL,WA,98001.0,,
1730817,821014572,"180 WEALTH ADVISORS, LLC",2020-01-16 00:00:00,WA,,,1231.0,"32125 32ND AVENUE SOUTH, SUITE 100",,FEDERAL,WA,98001.0,,"32125 32ND AVENUE SOUTH, SUITE 100",,FEDERAL,WA,98001.0,,
1730817,821014572,"180 WEALTH ADVISORS, LLC",2020-04-09 00:00:00,WA,,,1231.0,"32125 32ND AVENUE SOUTH, SUITE 100",,FEDERAL,WA,98001.0,,"32125 32ND AVENUE SOUTH, SUITE 100",,FEDERAL,WA,98001.0,,
1730817,821014572,"180 WEALTH ADVISORS, LLC",2020-07-21 00:00:00,WA,,,1231.0,"32125 32ND AVENUE SOUTH, SUITE 100",,FEDERAL,WA,98001.0,,"32125 32ND AVENUE SOUTH, SUITE 100",,FEDERAL,WA,98001.0,,
1730817,821014572,"180 WEALTH ADVISORS, LLC",2020-10-23 00:00:00,WA,,,1231.0,"32125 32ND AVENUE SOUTH, SUITE 100",,FEDERAL,WA,98001.0,,"32125 32ND AVENUE SOUTH, SUITE 100",,FEDERAL,WA,98001.0,,
944388,0,1832 Asset Management L.P.,2019-02-14 00:00:00,A,,,,1 ADELAIDE STREET EAST,29TH FLOOR,TORONTO,A,,4168636990.0,1 ADELAIDE STREET EAST,29TH FLOOR,TORONTO,A,,GCIC Ltd.,2012-02-14 00:00:00
944388,0,1832 Asset Management L.P.,2019-05-15 00:00:00,A,,,,1 ADELAIDE STREET EAST,29TH FLOOR,TORONTO,A,,4168636990.0,1 ADELAIDE STREET EAST,29TH FLOOR,TORONTO,A,,GCIC Ltd.,2012-02-14 00:00:00
944388,0,1832 Asset Management L.P.,2019-08-14 00:00:00,A,,,,1 ADELAIDE STREET EAST,29TH FLOOR,TORONTO,A,,4168636990.0,1 ADELAIDE STREET EAST,29TH FLOOR,TORONTO,A,,GCIC Ltd.,2012-02-14 00:00:00
944388,0,1832 Asset Management L.P.,2019-11-14 00:00:00,A,,,,1 ADELAIDE STREET EAST,29TH FLOOR,TORONTO,A,,4168636990.0,1 ADELAIDE STREET EAST,29TH FLOOR,TORONTO,A,,GCIC Ltd.,2012-02-14 00:00:00
944388,0,1832 Asset Management L.P.,2020-02-14 00:00:00,A,,,,1 ADELAIDE STREET EAST,29TH FLOOR,TORONTO,A,,4168636990.0,1 ADELAIDE STREET EAST,29TH FLOOR,TORONTO,A,,GCIC Ltd.,2012-02-14 00:00:00
944388,0,1832 Asset Management L.P.,2020-05-14 00:00:00,A,,,,1 ADELAIDE STREET EAST,29TH FLOOR,TORONTO,A,,4168636990.0,1 ADELAIDE STREET EAST,29TH FLOOR,TORONTO,A,,GCIC Ltd.,2012-02-14 00:00:00
944388,0,1832 Asset Management L.P.,2020-05-26 00:00:00,A,,,,1 ADELAIDE STREET EAST,29TH FLOOR,TORONTO,A,,4168636990.0,1 ADELAIDE STREET EAST,29TH FLOOR,TORONTO,A,,GCIC Ltd.,2012-02-14 00:00:00
944388,0,1832 Asset Management L.P.,2020-08-14 00:00:00,A,,,,1 ADELAIDE STREET EAST,29TH FLOOR,TORONTO,A,,4168636990.0,1 ADELAIDE STREET EAST,29TH FLOOR,TORONTO,A,,GCIC Ltd.,2012-02-14 00:00:00
944388,0,1832 Asset Management L.P.,2020-11-16 00:00:00,A,,,,1 ADELAIDE STREET EAST,29TH FLOOR,TORONTO,A,,4168636990.0,1 ADELAIDE STREET EAST,29TH FLOOR,TORONTO,A,,GCIC Ltd.,2012-02-14 00:00:00
1584289,383862350,1922 Investment Co LLC,2019-02-14 00:00:00,DE,,,1231.0,3737 BUFFALO SPEEDWAY,SUITE 300,HOUSTON,TX,77098.0,713.0,3737 BUFFALO SPEEDWAY,SUITE 300,HOUSTON,TX,77098.0,,
1584289,383862350,1922 Investment Co LLC,2019-05-15 00:00:00,DE,,,1231.0,3737 BUFFALO SPEEDWAY,SUITE 300,HOUSTON,TX,77098.0,713.0,3737 BUFFALO SPEEDWAY,SUITE 300,HOUSTON,TX,77098.0,,
1584289,383862350,1922 Investment Co LLC,2019-08-12 00:00:00,DE,,,1231.0,3737 BUFFALO SPEEDWAY,SUITE 300,HOUSTON,TX,77098.0,713.0,3737 BUFFALO SPEEDWAY,SUITE 300,HOUSTON,TX,77098.0,,
1584289,383862350,1922 Investment Co LLC,2019-11-14 00:00:00,DE,,,1231.0,3737 BUFFALO SPEEDWAY,SUITE 300,HOUSTON,TX,77098.0,713.0,3737 BUFFALO SPEEDWAY,SUITE 300,HOUSTON,TX,77098.0,,
1584289,383862350,1922 Investment Co LLC,2020-02-13 00:00:00,DE,,,1231.0,3737 BUFFALO SPEEDWAY,SUITE 300,HOUSTON,TX,77098.0,713.0,3737 BUFFALO SPEEDWAY,SUITE 300,HOUSTON,TX,77098.0,,
1584289,383862350,1922 Investment Co LLC,2020-05-14 00:00:00,DE,,,1231.0,3737 BUFFALO SPEEDWAY,SUITE 300,HOUSTON,TX,77098.0,713.0,3737 BUFFALO SPEEDWAY,SUITE 300,HOUSTON,TX,77098.0,,
1584289,383862350,1922 Investment Co LLC,2020-08-14 00:00:00,DE,,,1231.0,3737 BUFFALO SPEEDWAY,SUITE 300,HOUSTON,TX,77098.0,713.0,3737 BUFFALO SPEEDWAY,SUITE 300,HOUSTON,TX,77098.0,,
1584289,383862350,1922 Investment Co LLC,2020-11-16 00:00:00,DE,,,1231.0,3737 BUFFALO SPEEDWAY,SUITE 300,HOUSTON,TX,77098.0,713.0,3737 BUFFALO SPEEDWAY,SUITE 300,HOUSTON,TX,77098.0,,
356264,351068133,1ST SOURCE BANK,2019-02-11 00:00:00,IN,,,,PO BOX 1602,,SOUTH,IN,46634.0,2192362710.0,PO BOX 1602,,SOUTH,IN,46634.0,,
356264,351068133,1ST SOURCE BANK,2019-04-29 00:00:00,IN,,,,PO BOX 1602,,SOUTH,IN,46634.0,2192362710.0,PO BOX 1602,,SOUTH,IN,46634.0,,
356264,351068133,1ST SOURCE BANK,2019-07-29 00:00:00,IN,,,,PO BOX 1602,,SOUTH,IN,46634.0,2192362710.0,PO BOX 1602,,SOUTH,IN,46634.0,,
356264,351068133,1ST SOURCE BANK,2019-11-06 00:00:00,IN,,,,PO BOX 1602,,SOUTH,IN,46634.0,2192362710.0,PO BOX 1602,,SOUTH,IN,46634.0,,
356264,351068133,1ST SOURCE BANK,2020-01-27 00:00:00,IN,,,,PO BOX 1602,,SOUTH,IN,46634.0,2192362710.0,PO BOX 1602,,SOUTH,IN,46634.0,,
356264,351068133,1ST SOURCE BANK,2020-04-29 00:00:00,IN,,,,PO BOX 1602,,SOUTH,IN,46634.0,2192362710.0,PO BOX 1602,,SOUTH,IN,46634.0,,
356264,351068133,1ST SOURCE BANK,2020-08-07 00:00:00,IN,,,,PO BOX 1602,,SOUTH,IN,46634.0,2192362710.0,PO BOX 1602,,SOUTH,IN,46634.0,,
356264,351068133,1ST SOURCE BANK,2020-10-30 00:00:00,IN,,,,PO BOX 1602,,SOUTH,IN,46634.0,2192362710.0,PO BOX 1602,,SOUTH,IN,46634.0,,
1694297,473089159,"22NW, LP",2019-02-08 00:00:00,DE,,,1231.0,"1455 NW LEARY WAY, SUITE 400",,SEATTLE,WA,98107.0,650.0,"1455 NW LEARY WAY, SUITE 400",,SEATTLE,WA,98107.0,,
1694297,473089159,"22NW, LP",2019-05-15 00:00:00,DE,,,1231.0,"1455 NW LEARY WAY, SUITE 400",,SEATTLE,WA,98107.0,650.0,"1455 NW LEARY WAY, SUITE 400",,SEATTLE,WA,98107.0,,
1694297,473089159,"22NW, LP",2019-08-14 00:00:00,DE,,,1231.0,"1455 NW LEARY WAY, SUITE 400",,SEATTLE,WA,98107.0,650.0,"1455 NW LEARY WAY, SUITE 400",,SEATTLE,WA,98107.0,,
1694297,473089159,"22NW, LP",2019-11-14 00:00:00,DE,,,1231.0,"1455 NW LEARY WAY, SUITE 400",,SEATTLE,WA,98107.0,650.0,"1455 NW LEARY WAY, SUITE 400",,SEATTLE,WA,98107.0,,
1694297,473089159,"22NW, LP",2020-02-14 00:00:00,DE,,,1231.0,"1455 NW LEARY WAY, SUITE 400",,SEATTLE,WA,98107.0,650.0,"1455 NW LEARY WAY, SUITE 400",,SEATTLE,WA,98107.0,,
1694297,473089159,"22NW, LP",2020-05-15 00:00:00,DE,,,1231.0,"1455 NW LEARY WAY, SUITE 400",,SEATTLE,WA,98107.0,650.0,"1455 NW LEARY WAY, SUITE 400",,SEATTLE,WA,98107.0,,
1694297,473089159,"22NW, LP",2020-08-14 00:00:00,DE,,,1231.0,"1455 NW LEARY WAY, SUITE 400",,SEATTLE,WA,98107.0,206.0,"1455 NW LEARY WAY, SUITE 400",,SEATTLE,WA,98107.0,,
1694297,473089159,"22NW, LP",2020-11-13 00:00:00,DE,,,1231.0,"1455 NW LEARY WAY, SUITE 400",,SEATTLE,WA,98107.0,206.0,"1455 NW LEARY WAY, SUITE 400",,SEATTLE,WA,98107.0,,
1476534,841609184,361 CAPITAL LLC,2019-02-07 00:00:00,DE,,,1231.0,4600 SOUTH SYRACUSE STREET,SUITE 500,DENVER,CO,80237.0,303.0,4600 SOUTH SYRACUSE STREET,SUITE 500,DENVER,CO,80237.0,Trail Ridge Capital LLC,2009-11-10 00:00:00
1476534,841609184,361 CAPITAL LLC,2019-05-07 00:00:00,DE,,,1231.0,4600 SOUTH SYRACUSE STREET,SUITE 500,DENVER,CO,80237.0,303.0,4600 SOUTH SYRACUSE STREET,SUITE 500,DENVER,CO,80237.0,Trail Ridge Capital LLC,2009-11-10 00:00:00
1476534,841609184,361 CAPITAL LLC,2019-08-07 00:00:00,DE,,,1231.0,4600 SOUTH SYRACUSE STREET,SUITE 500,DENVER,CO,80237.0,303.0,4600 SOUTH SYRACUSE STREET,SUITE 500,DENVER,CO,80237.0,Trail Ridge Capital LLC,2009-11-10 00:00:00
1476534,841609184,361 CAPITAL LLC,2019-11-13 00:00:00,DE,,,1231.0,4600 SOUTH SYRACUSE STREET,SUITE 500,DENVER,CO,80237.0,303.0,4600 SOUTH SYRACUSE STREET,SUITE 500,DENVER,CO,80237.0,Trail Ridge Capital LLC,2009-11-10 00:00:00
1476534,841609184,361 CAPITAL LLC,2020-02-13 00:00:00,DE,,,1231.0,4600 SOUTH SYRACUSE STREET,SUITE 500,DENVER,CO,80237.0,303.0,4600 SOUTH SYRACUSE STREET,SUITE 500,DENVER,CO,80237.0,Trail Ridge Capital LLC,2009-11-10 00:00:00
1476534,841609184,361 CAPITAL LLC,2020-05-13 00:00:00,DE,,,1231.0,4600 SOUTH SYRACUSE STREET,SUITE 500,DENVER,CO,80237.0,303.0,4600 SOUTH SYRACUSE STREET,SUITE 500,DENVER,CO,80237.0,Trail Ridge Capital LLC,2009-11-10 00:00:00
1476534,841609184,361 CAPITAL LLC,2020-08-13 00:00:00,DE,,,1231.0,4600 SOUTH SYRACUSE STREET,SUITE 500,DENVER,CO,80237.0,303.0,4600 SOUTH SYRACUSE STREET,SUITE 500,DENVER,CO,80237.0,Trail Ridge Capital LLC,2009-11-10 00:00:00
1359371,203725583,"3D ASSET MANAGEMENT, INC",2019-02-13 00:00:00,DE,,,1231.0,100 CONSTITUTION PLAZA SUITE 700,,HARTFORD,CT,6103.0,860.0,100 CONSTITUTION PLAZA SUITE 700,,HARTFORD,CT,6103.0,3D ASSET MANAGEMENT INC,2006-04-13 00:00:00
1359371,203725583,"3D ASSET MANAGEMENT, INC",2019-05-01 00:00:00,DE,,,1231.0,100 CONSTITUTION PLAZA SUITE 700,,HARTFORD,CT,6103.0,860.0,100 CONSTITUTION PLAZA SUITE 700,,HARTFORD,CT,6103.0,3D ASSET MANAGEMENT INC,2006-04-13 00:00:00
1359371,203725583,"3D ASSET MANAGEMENT, INC",2019-08-05 00:00:00,DE,,,1231.0,100 CONSTITUTION PLAZA SUITE 700,,HARTFORD,CT,6103.0,860.0,100 CONSTITUTION PLAZA SUITE 700,,HARTFORD,CT,6103.0,3D ASSET MANAGEMENT INC,2006-04-13 00:00:00
1359371,203725583,"3D ASSET MANAGEMENT, INC",2019-10-28 00:00:00,DE,,,1231.0,100 CONSTITUTION PLAZA SUITE 700,,HARTFORD,CT,6103.0,860.0,100 CONSTITUTION PLAZA SUITE 700,,HARTFORD,CT,6103.0,3D ASSET MANAGEMENT INC,2006-04-13 00:00:00
1359371,203725583,"3D ASSET MANAGEMENT, INC",2020-02-14 00:00:00,DE,,,1231.0,100 CONSTITUTION PLAZA SUITE 700,,HARTFORD,CT,6103.0,860.0,100 CONSTITUTION PLAZA SUITE 700,,HARTFORD,CT,6103.0,3D ASSET MANAGEMENT INC,2006-04-13 00:00:00
1359371,203725583,"3D ASSET MANAGEMENT, INC",2020-05-07 00:00:00,DE,,,1231.0,100 CONSTITUTION PLAZA SUITE 700,,HARTFORD,CT,6103.0,860.0,100 CONSTITUTION PLAZA SUITE 700,,HARTFORD,CT,6103.0,3D ASSET MANAGEMENT INC,2006-04-13 00:00:00
1359371,203725583,"3D ASSET MANAGEMENT, INC",2020-07-24 00:00:00,DE,,,1231.0,100 CONSTITUTION PLAZA SUITE 700,,HARTFORD,CT,6103.0,860.0,100 CONSTITUTION PLAZA SUITE 700,,HARTFORD,CT,6103.0,3D ASSET MANAGEMENT INC,2006-04-13 00:00:00
1359371,203725583,"3D ASSET MANAGEMENT, INC",2020-11-06 00:00:00,DE,,,1231.0,100 CONSTITUTION PLAZA SUITE 700,,HARTFORD,CT,6103.0,860.0,100 CONSTITUTION PLAZA SUITE 700,,HARTFORD,CT,6103.0,3D ASSET MANAGEMENT INC,2006-04-13 00:00:00
1665605,475276537,"3EDGE Asset Management, LP",2019-02-12 00:00:00,DE,,,1231.0,ONE INTERNATIONAL PLACE,SUITE 4430,BOSTON,MA,2110.0,844.0,ONE INTERNATIONAL PLACE,SUITE 4430,BOSTON,MA,2110.0,,
1665605,475276537,"3EDGE Asset Management, LP",2019-05-14 00:00:00,DE,,,1231.0,ONE INTERNATIONAL PLACE,SUITE 4430,BOSTON,MA,2110.0,844.0,ONE INTERNATIONAL PLACE,SUITE 4430,BOSTON,MA,2110.0,,
1665605,475276537,"3EDGE Asset Management, LP",2019-06-18 00:00:00,DE,,,1231.0,ONE INTERNATIONAL PLACE,SUITE 4430,BOSTON,MA,2110.0,844.0,ONE INTERNATIONAL PLACE,SUITE 4430,BOSTON,MA,2110.0,,
1665605,475276537,"3EDGE Asset Management, LP",2019-06-18 00:00:00,DE,,,1231.0,ONE INTERNATIONAL PLACE,SUITE 4430,BOSTON,MA,2110.0,844.0,ONE INTERNATIONAL PLACE,SUITE 4430,BOSTON,MA,2110.0,,
1665605,475276537,"3EDGE Asset Management, LP",2019-06-26 00:00:00,DE,,,1231.0,ONE INTERNATIONAL PLACE,SUITE 4430,BOSTON,MA,2110.0,844.0,ONE INTERNATIONAL PLACE,SUITE 4430,BOSTON,MA,2110.0,,
1665605,475276537,"3EDGE Asset Management, LP",2019-06-26 00:00:00,DE,,,1231.0,ONE INTERNATIONAL PLACE,SUITE 4430,BOSTON,MA,2110.0,844.0,ONE INTERNATIONAL PLACE,SUITE 4430,BOSTON,MA,2110.0,,
1665605,475276537,"3EDGE Asset Management, LP",2019-08-07 00:00:00,DE,,,1231.0,ONE INTERNATIONAL PLACE,SUITE 4430,BOSTON,MA,2110.0,844.0,ONE INTERNATIONAL PLACE,SUITE 4430,BOSTON,MA,2110.0,,
1665605,475276537,"3EDGE Asset Management, LP",2019-10-16 00:00:00,DE,,,1231.0,ONE INTERNATIONAL PLACE,SUITE 4430,BOSTON,MA,2110.0,844.0,ONE INTERNATIONAL PLACE,SUITE 4430,BOSTON,MA,2110.0,,
1665605,475276537,"3EDGE Asset Management, LP",2020-01-24 00:00:00,DE,,,1231.0,ONE INTERNATIONAL PLACE,SUITE 4430,BOSTON,MA,2110.0,844.0,ONE INTERNATIONAL PLACE,SUITE 4430,BOSTON,MA,2110.0,,
1665605,475276537,"3EDGE Asset Management, LP",2020-05-08 00:00:00,DE,,,1231.0,ONE INTERNATIONAL PLACE,SUITE 4430,BOSTON,MA,2110.0,844.0,ONE INTERNATIONAL PLACE,SUITE 4430,BOSTON,MA,2110.0,,
1665605,475276537,"3EDGE Asset Management, LP",2020-07-30 00:00:00,DE,,,1231.0,ONE INTERNATIONAL PLACE,SUITE 4430,BOSTON,MA,2110.0,844.0,ONE INTERNATIONAL PLACE,SUITE 4430,BOSTON,MA,2110.0,,
1665605,475276537,"3EDGE Asset Management, LP",2020-10-14 00:00:00,DE,,,1231.0,ONE INTERNATIONAL PLACE,SUITE 4430,BOSTON,MA,2110.0,844.0,ONE INTERNATIONAL PLACE,SUITE 4430,BOSTON,MA,2110.0,,
1421669,980467313,3G Capital Partners LP,2019-02-14 00:00:00,E,,,,C/O 3G CAPITAL INC.,"600 THIRD AVENUE, 37TH FLOOR",NEW,NY,10016.0,,C/O 3G CAPITAL INC.,"600 THIRD AVENUE, 37TH FLOOR",NEW,NY,10016.0,3G Capital Partners Ltd.,2007-12-18 00:00:00
1421669,980467313,3G Capital Partners LP,2019-05-15 00:00:00,E,,,,C/O 3G CAPITAL INC.,"600 THIRD AVENUE, 37TH FLOOR",NEW,NY,10016.0,,C/O 3G CAPITAL INC.,"600 THIRD AVENUE, 37TH FLOOR",NEW,NY,10016.0,3G Capital Partners Ltd.,2007-12-18 00:00:00
1421669,980467313,3G Capital Partners LP,2019-08-14 00:00:00,E,,,,C/O 3G CAPITAL INC.,"600 THIRD AVENUE, 37TH FLOOR",NEW,NY,10016.0,,C/O 3G CAPITAL INC.,"600 THIRD AVENUE, 37TH FLOOR",NEW,NY,10016.0,3G Capital Partners Ltd.,2007-12-18 00:00:00
1421669,980467313,3G Capital Partners LP,2019-11-14 00:00:00,E,,,,C/O 3G CAPITAL INC.,"600 THIRD AVENUE, 37TH FLOOR",NEW,NY,10016.0,,C/O 3G CAPITAL INC.,"600 THIRD AVENUE, 37TH FLOOR",NEW,NY,10016.0,3G Capital Partners Ltd.,2007-12-18 00:00:00
1421669,980467313,3G Capital Partners LP,2020-02-14 00:00:00,E,,,,C/O 3G CAPITAL INC.,"600 THIRD AVENUE, 37TH FLOOR",NEW,NY,10016.0,,C/O 3G CAPITAL INC.,"600 THIRD AVENUE, 37TH FLOOR",NEW,NY,10016.0,3G Capital Partners Ltd.,2007-12-18 00:00:00
1421669,980467313,3G Capital Partners LP,2020-05-15 00:00:00,E,,,,C/O 3G CAPITAL INC.,"600 THIRD AVENUE, 37TH FLOOR",NEW,NY,10016.0,,C/O 3G CAPITAL INC.,"600 THIRD AVENUE, 37TH FLOOR",NEW,NY,10016.0,3G Capital Partners Ltd.,2007-12-18 00:00:00
1421669,980467313,3G Capital Partners LP,2020-08-14 00:00:00,E,,,,C/O 3G CAPITAL INC.,"600 THIRD AVENUE, 37TH FLOOR",NEW,NY,10016.0,,C/O 3G CAPITAL INC.,"600 THIRD AVENUE, 37TH FLOOR",NEW,NY,10016.0,3G Capital Partners Ltd.,2007-12-18 00:00:00
1421669,980467313,3G Capital Partners LP,2020-11-13 00:00:00,E,,,,C/O 3G CAPITAL INC.,"600 THIRD AVENUE, 37TH FLOOR",NEW,NY,10016.0,,C/O 3G CAPITAL INC.,"600 THIRD AVENUE, 37TH FLOOR",NEW,NY,10016.0,3G Capital Partners Ltd.,2007-12-18 00:00:00
1539436,264203244,40 North Management LLC,2019-02-14 00:00:00,DE,,,1231.0,9 WEST 57TH STREET,30TH FLOOR,NEW,NY,10019.0,212.0,9 WEST 57TH STREET,30TH FLOOR,NEW,NY,10019.0,40 North Industries LLC,2012-01-12 00:00:00
1539436,264203244,40 North Management LLC,2019-05-15 00:00:00,DE,,,1231.0,9 WEST 57TH STREET,30TH FLOOR,NEW,NY,10019.0,212.0,9 WEST 57TH STREET,30TH FLOOR,NEW,NY,10019.0,40 North Industries LLC,2012-01-12 00:00:00
1539436,264203244,40 North Management LLC,2019-08-14 00:00:00,DE,,,1231.0,9 WEST 57TH STREET,46TH FLOOR,NEW,NY,10019.0,212.0,9 WEST 57TH STREET,46TH FLOOR,NEW,NY,10019.0,40 North Industries LLC,2012-01-12 00:00:00
1539436,264203244,40 North Management LLC,2019-11-14 00:00:00,DE,,,1231.0,9 WEST 57TH STREET,30TH FLOOR,NEW,NY,10019.0,212.0,9 WEST 57TH STREET,30TH FLOOR,NEW,NY,10019.0,40 North Industries LLC,2012-01-12 00:00:00
1539436,264203244,40 North Management LLC,2020-02-14 00:00:00,DE,,,1231.0,9 WEST 57TH STREET,30TH FLOOR,NEW,NY,10019.0,212.0,9 WEST 57TH STREET,30TH FLOOR,NEW,NY,10019.0,40 North Industries LLC,2012-01-12 00:00:00
1539436,264203244,40 North Management LLC,2020-05-15 00:00:00,DE,,,1231.0,9 WEST 57TH STREET,47TH FLOOR,NEW,NY,10019.0,212.0,9 WEST 57TH STREET,47TH FLOOR,NEW,NY,10019.0,40 North Industries LLC,2012-01-12 00:00:00
1539436,264203244,40 North Management LLC,2020-08-14 00:00:00,DE,,,1231.0,9 WEST 57TH STREET,47TH FLOOR,NEW,NY,10019.0,212.0,9 WEST 57TH STREET,47TH FLOOR,NEW,NY,10019.0,40 North Industries LLC,2012-01-12 00:00:00
1539436,264203244,40 North Management LLC,2020-11-16 00:00:00,DE,,,1231.0,9 WEST 57TH STREET,47TH FLOOR,NEW,NY,10019.0,212.0,9 WEST 57TH STREET,47TH FLOOR,NEW,NY,10019.0,40 North Industries LLC,2012-01-12 00:00:00
1730551,813796114,6 Meridian,2019-01-15 00:00:00,KS,,,1231.0,1635 N. WATERFRONT PARKWAY,SUITE 250,WICHITA,KS,67206.0,,1635 N. WATERFRONT PARKWAY,SUITE 250,WICHITA,KS,67206.0,,
1730551,813796114,6 Meridian,2019-04-10 00:00:00,KS,,,1231.0,1635 N. WATERFRONT PARKWAY,SUITE 250,WICHITA,KS,67206.0,,1635 N. WATERFRONT PARKWAY,SUITE 250,WICHITA,KS,67206.0,,
1730551,813796114,6 Meridian,2019-07-12 00:00:00,KS,,,1231.0,1635 N. WATERFRONT PARKWAY,SUITE 250,WICHITA,KS,67206.0,,1635 N. WATERFRONT PARKWAY,SUITE 250,WICHITA,KS,67206.0,,
1730551,813796114,6 Meridian,2019-10-22 00:00:00,KS,,,1231.0,1635 N. WATERFRONT PARKWAY,SUITE 250,WICHITA,KS,67206.0,,1635 N. WATERFRONT PARKWAY,SUITE 250,WICHITA,KS,67206.0,,
1730551,813796114,6 Meridian,2019-10-31 00:00:00,KS,,,1231.0,1635 N. WATERFRONT PARKWAY,SUITE 250,WICHITA,KS,67206.0,,1635 N. WATERFRONT PARKWAY,SUITE 250,WICHITA,KS,67206.0,,
1730551,813796114,6 Meridian,2020-01-13 00:00:00,KS,,,1231.0,1635 N. WATERFRONT PARKWAY,SUITE 250,WICHITA,KS,67206.0,,1635 N. WATERFRONT PARKWAY,SUITE 250,WICHITA,KS,67206.0,,
1730551,813796114,6 Meridian,2020-04-14 00:00:00,KS,,,1231.0,8301 E 21ST ST. NORTH,SUITE 150,WICHITA,KS,67206.0,,8301 E 21ST ST. NORTH,SUITE 150,WICHITA,KS,67206.0,,
1730551,813796114,6 Meridian,2020-07-09 00:00:00,KS,,,1231.0,8301 E 21ST ST. NORTH,SUITE 150,WICHITA,KS,67206.0,,8301 E 21ST ST. NORTH,SUITE 150,WICHITA,KS,67206.0,,
1730551,813796114,6 Meridian,2020-10-19 00:00:00,KS,,,1231.0,8301 E 21ST ST. NORTH,SUITE 150,WICHITA,KS,67206.0,,8301 E 21ST ST. NORTH,SUITE 150,WICHITA,KS,67206.0,,
1404574,205100992,"683 Capital Management, LLC",2019-02-14 00:00:00,DE,,,1231.0,3 COLUMBUS CIRCLE,SUITE 2205,NEW,NY,10019.0,,3 COLUMBUS CIRCLE,SUITE 2205,NEW,NY,10019.0,,
1404574,205100992,"683 Capital Management, LLC",2019-02-15 00:00:00,DE,,,1231.0,3 COLUMBUS CIRCLE,SUITE 2205,NEW,NY,10019.0,,3 COLUMBUS CIRCLE,SUITE 2205,NEW,NY,10019.0,,
1404574,205100992,"683 Capital Management, LLC",2019-05-15 00:00:00,DE,,,1231.0,3 COLUMBUS CIRCLE,SUITE 2205,NEW,NY,10019.0,,3 COLUMBUS CIRCLE,SUITE 2205,NEW,NY,10019.0,,
1404574,205100992,"683 Capital Management, LLC",2019-08-14 00:00:00,DE,,,1231.0,3 COLUMBUS CIRCLE,SUITE 2205,NEW,NY,10019.0,,3 COLUMBUS CIRCLE,SUITE 2205,NEW,NY,10019.0,,
1404574,205100992,"683 Capital Management, LLC",2019-11-14 00:00:00,DE,,,1231.0,3 COLUMBUS CIRCLE,SUITE 2205,NEW,NY,10019.0,,3 COLUMBUS CIRCLE,SUITE 2205,NEW,NY,10019.0,,
1404574,205100992,"683 Capital Management, LLC",2020-02-14 00:00:00,DE,,,1231.0,3 COLUMBUS CIRCLE,SUITE 2205,NEW,NY,10019.0,,3 COLUMBUS CIRCLE,SUITE 2205,NEW,NY,10019.0,,
1404574,205100992,"683 Capital Management, LLC",2020-05-15 00:00:00,DE,,,1231.0,3 COLUMBUS CIRCLE,SUITE 2205,NEW,NY,10019.0,,3 COLUMBUS CIRCLE,SUITE 2205,NEW,NY,10019.0,,
1404574,205100992,"683 Capital Management, LLC",2020-05-15 00:00:00,DE,,,1231.0,3 COLUMBUS CIRCLE,SUITE 2205,NEW,NY,10019.0,,3 COLUMBUS CIRCLE,SUITE 2205,NEW,NY,10019.0,,
1404574,205100992,"683 Capital Management, LLC",2020-08-14 00:00:00,DE,,,1231.0,3 COLUMBUS CIRCLE,SUITE 2205,NEW,NY,10019.0,,3 COLUMBUS CIRCLE,SUITE 2205,NEW,NY,10019.0,,
1404574,205100992,"683 Capital Management, LLC",2020-11-16 00:00:00,DE,,,1231.0,3 COLUMBUS CIRCLE,SUITE 2205,NEW,NY,10019.0,,3 COLUMBUS CIRCLE,SUITE 2205,NEW,NY,10019.0,,
1591442,352461369,"734 Agriculture, LLC",2019-02-14 00:00:00,DE,,,,410 PARK AVENUE,17TH FLOOR,NEW,NY,10022.0,212.0,410 PARK AVENUE,17TH FLOOR,NEW,NY,10022.0,,
1766506,822359200,"9258 Wealth Management, LLC",2019-02-12 00:00:00,OH,,,1231.0,4420 COOPER RD,,BLUE,OH,45242.0,513.0,4420 COOPER RD,,BLUE,OH,45242.0,,
1766506,822359200,"9258 Wealth Management, LLC",2019-05-07 00:00:00,OH,,,1231.0,4420 COOPER RD,,BLUE,OH,45242.0,513.0,4420 COOPER RD,,BLUE,OH,45242.0,,
1766506,822359200,"9258 Wealth Management, LLC",2019-08-07 00:00:00,OH,,,1231.0,4420 COOPER RD,,BLUE,OH,45242.0,513.0,4420 COOPER RD,,BLUE,OH,45242.0,,
1766506,822359200,"9258 Wealth Management, LLC",2019-11-07 00:00:00,OH,,,1231.0,4420 COOPER RD,,BLUE,OH,45242.0,513.0,4420 COOPER RD,,BLUE,OH,45242.0,,
1766506,822359200,"9258 Wealth Management, LLC",2020-02-06 00:00:00,OH,,,1231.0,4420 COOPER RD,,BLUE,OH,45242.0,513.0,4420 COOPER RD,,BLUE,OH,45242.0,,
1766506,822359200,"9258 Wealth Management, LLC",2020-05-05 00:00:00,OH,,,1231.0,4420 COOPER RD,,BLUE,OH,45242.0,513.0,4420 COOPER RD,,BLUE,OH,45242.0,,
1766506,822359200,"9258 Wealth Management, LLC",2020-08-13 00:00:00,OH,,,1231.0,4420 COOPER RD,,BLUE,OH,45242.0,513.0,4420 COOPER RD,,BLUE,OH,45242.0,,
1766506,822359200,"9258 Wealth Management, LLC",2020-11-13 00:00:00,OH,,,1231.0,4420 COOPER RD,,BLUE,OH,45242.0,513.0,4420 COOPER RD,,BLUE,OH,45242.0,,
1569102,391572238,"A. D. Beadell Investment Counsel, Inc.",2019-02-05 00:00:00,WI,,,1231.0,10224 N. PORT WASHINGTON ROAD,,MEQUON,WI,53092.0,262.0,10224 N. PORT WASHINGTON ROAD,,MEQUON,WI,53092.0,,
1569102,391572238,"A. D. Beadell Investment Counsel, Inc.",2019-04-24 00:00:00,WI,,,1231.0,10224 N. PORT WASHINGTON ROAD,,MEQUON,WI,53092.0,262.0,10224 N. PORT WASHINGTON ROAD,,MEQUON,WI,53092.0,,
1569102,391572238,"A. D. Beadell Investment Counsel, Inc.",2019-07-17 00:00:00,WI,,,1231.0,10224 N. PORT WASHINGTON ROAD,,MEQUON,WI,53092.0,262.0,10224 N. PORT WASHINGTON ROAD,,MEQUON,WI,53092.0,,
1569102,391572238,"A. D. Beadell Investment Counsel, Inc.",2019-10-24 00:00:00,WI,,,1231.0,10224 N. PORT WASHINGTON ROAD,,MEQUON,WI,53092.0,262.0,10224 N. PORT WASHINGTON ROAD,,MEQUON,WI,53092.0,,
1569102,391572238,"A. D. Beadell Investment Counsel, Inc.",2020-02-04 00:00:00,WI,,,1231.0,10224 N. PORT WASHINGTON ROAD,,MEQUON,WI,53092.0,262.0,10224 N. PORT WASHINGTON ROAD,,MEQUON,WI,53092.0,,
1569102,391572238,"A. D. Beadell Investment Counsel, Inc.",2020-04-22 00:00:00,WI,,,1231.0,10224 N. PORT WASHINGTON ROAD,,MEQUON,WI,53092.0,262.0,10224 N. PORT WASHINGTON ROAD,,MEQUON,WI,53092.0,,
1569102,391572238,"A. D. Beadell Investment Counsel, Inc.",2020-07-15 00:00:00,WI,,,1231.0,10224 N. PORT WASHINGTON ROAD,,MEQUON,WI,53092.0,262.0,10224 N. PORT WASHINGTON ROAD,,MEQUON,WI,53092.0,,
1569102,391572238,"A. D. Beadell Investment Counsel, Inc.",2020-11-02 00:00:00,WI,,,1231.0,10224 N. PORT WASHINGTON ROAD,,MEQUON,WI,53092.0,262.0,10224 N. PORT WASHINGTON ROAD,,MEQUON,WI,53092.0,,
1315281,134196796,"A.R.T. Advisors, LLC",2019-02-14 00:00:00,DE,,,1231.0,500 PARK AVENUE,,NEW,NY,10022.0,2125937700.0,500 PARK AVENUE,,NEW,NY,10022.0,"A.R.T Advisors, LLC",2005-01-24 00:00:00
1315281,134196796,"A.R.T. Advisors, LLC",2019-05-15 00:00:00,DE,,,1231.0,500 PARK AVENUE,,NEW,NY,10022.0,2125937700.0,500 PARK AVENUE,,NEW,NY,10022.0,"A.R.T Advisors, LLC",2005-01-24 00:00:00
1315281,134196796,"A.R.T. Advisors, LLC",2019-08-14 00:00:00,DE,,,1231.0,500 PARK AVENUE,,NEW,NY,10022.0,2125937700.0,500 PARK AVENUE,,NEW,NY,10022.0,"A.R.T Advisors, LLC",2005-01-24 00:00:00
1315281,134196796,"A.R.T. Advisors, LLC",2019-11-14 00:00:00,DE,,,1231.0,500 PARK AVENUE,,NEW,NY,10022.0,2125937700.0,500 PARK AVENUE,,NEW,NY,10022.0,"A.R.T Advisors, LLC",2005-01-24 00:00:00
1315281,134196796,"A.R.T. Advisors, LLC",2020-02-14 00:00:00,DE,,,1231.0,500 PARK AVENUE,,NEW,NY,10022.0,2125937700.0,500 PARK AVENUE,,NEW,NY,10022.0,"A.R.T Advisors, LLC",2005-01-24 00:00:00
1315281,134196796,"A.R.T. Advisors, LLC",2020-05-15 00:00:00,DE,,,1231.0,500 PARK AVENUE,,NEW,NY,10022.0,2125937700.0,500 PARK AVENUE,,NEW,NY,10022.0,"A.R.T Advisors, LLC",2005-01-24 00:00:00
1315281,134196796,"A.R.T. Advisors, LLC",2020-08-14 00:00:00,DE,,,1231.0,500 PARK AVENUE,,NEW,NY,10022.0,2125937700.0,500 PARK AVENUE,,NEW,NY,10022.0,"A.R.T Advisors, LLC",2005-01-24 00:00:00
1315281,134196796,"A.R.T. Advisors, LLC",2020-11-16 00:00:00,DE,,,1231.0,500 PARK AVENUE,,NEW,NY,10022.0,2125937700.0,500 PARK AVENUE,,NEW,NY,10022.0,"A.R.T Advisors, LLC",2005-01-24 00:00:00
1038661,205472473,ABNER HERRMAN & BROCK LLC,2019-01-11 00:00:00,,,,1231.0,HARBORSIDE 5,"185 HUDSON STREET, SUITE 1640",JERSEY,NJ,7311.0,2014842000.0,HARBORSIDE 5,"185 HUDSON STREET, SUITE 1640",JERSEY,NJ,7311.0,ABNER HERRMAN & BROCK INC,1999-03-17 00:00:00
1038661,205472473,ABNER HERRMAN & BROCK LLC,2019-04-08 00:00:00,,,,1231.0,HARBORSIDE 5,"185 HUDSON STREET, SUITE 1640",JERSEY,NJ,7311.0,2014842000.0,HARBORSIDE 5,"185 HUDSON STREET, SUITE 1640",JERSEY,NJ,7311.0,ABNER HERRMAN & BROCK INC,1999-03-17 00:00:00
1038661,205472473,ABNER HERRMAN & BROCK LLC,2019-07-19 00:00:00,,,,1231.0,HARBORSIDE 5,"185 HUDSON STREET, SUITE 1640",JERSEY,NJ,7311.0,2014842000.0,HARBORSIDE 5,"185 HUDSON STREET, SUITE 1640",JERSEY,NJ,7311.0,ABNER HERRMAN & BROCK INC,1999-03-17 00:00:00
1038661,205472473,ABNER HERRMAN & BROCK LLC,2019-10-11 00:00:00,,,,1231.0,HARBORSIDE 5,"185 HUDSON STREET, SUITE 1640",JERSEY,NJ,7311.0,2014842000.0,HARBORSIDE 5,"185 HUDSON STREET, SUITE 1640",JERSEY,NJ,7311.0,ABNER HERRMAN & BROCK INC,1999-03-17 00:00:00
1038661,205472473,ABNER HERRMAN & BROCK LLC,2020-01-10 00:00:00,,,,1231.0,HARBORSIDE 5,"185 HUDSON STREET, SUITE 1640",JERSEY,NJ,7311.0,2014842000.0,HARBORSIDE 5,"185 HUDSON STREET, SUITE 1640",JERSEY,NJ,7311.0,ABNER HERRMAN & BROCK INC,1999-03-17 00:00:00
1038661,205472473,ABNER HERRMAN & BROCK LLC,2020-04-09 00:00:00,,,,1231.0,HARBORSIDE 5,"185 HUDSON STREET, SUITE 1640",JERSEY,NJ,7311.0,2014842000.0,HARBORSIDE 5,"185 HUDSON STREET, SUITE 1640",JERSEY,NJ,7311.0,ABNER HERRMAN & BROCK INC,1999-03-17 00:00:00
1038661,205472473,ABNER HERRMAN & BROCK LLC,2020-07-10 00:00:00,,,,1231.0,HARBORSIDE 5,"185 HUDSON STREET, SUITE 1640",JERSEY,NJ,7311.0,2014842000.0,HARBORSIDE 5,"185 HUDSON STREET, SUITE 1640",JERSEY,NJ,7311.0,ABNER HERRMAN & BROCK INC,1999-03-17 00:00:00
1038661,205472473,ABNER HERRMAN & BROCK LLC,2020-10-08 00:00:00,,,,1231.0,HARBORSIDE 5,"185 HUDSON STREET, SUITE 1640",JERSEY,NJ,7311.0,2014842000.0,HARBORSIDE 5,"185 HUDSON STREET, SUITE 1640",JERSEY,NJ,7311.0,ABNER HERRMAN & BROCK INC,1999-03-17 00:00:00
1317588,0,"ABRAMS BISON INVESTMENTS, LLC",2019-02-14 00:00:00,DE,,,,3 BETHESDA METRO CENTER,SUITE 1250,BETHESDA,MD,20814.0,301.0,3 BETHESDA METRO CENTER,SUITE 1250,BETHESDA,MD,20814.0,,
1317588,0,"ABRAMS BISON INVESTMENTS, LLC",2019-05-15 00:00:00,DE,,,,3 BETHESDA METRO CENTER,SUITE 1250,BETHESDA,MD,20814.0,301.0,3 BETHESDA METRO CENTER,SUITE 1250,BETHESDA,MD,20814.0,,
1317588,0,"ABRAMS BISON INVESTMENTS, LLC",2019-08-14 00:00:00,DE,,,,3 BETHESDA METRO CENTER,SUITE 1250,BETHESDA,MD,20814.0,301.0,3 BETHESDA METRO CENTER,SUITE 1250,BETHESDA,MD,20814.0,,
1317588,0,"ABRAMS BISON INVESTMENTS, LLC",2019-11-14 00:00:00,DE,,,,3 BETHESDA METRO CENTER,SUITE 1250,BETHESDA,MD,20814.0,301.0,3 BETHESDA METRO CENTER,SUITE 1250,BETHESDA,MD,20814.0,,
1317588,0,"ABRAMS BISON INVESTMENTS, LLC",2020-02-14 00:00:00,DE,,,,3 BETHESDA METRO CENTER,SUITE 1250,BETHESDA,MD,20814.0,301.0,3 BETHESDA METRO CENTER,SUITE 1250,BETHESDA,MD,20814.0,,
1317588,0,"ABRAMS BISON INVESTMENTS, LLC",2020-05-15 00:00:00,DE,,,,3 BETHESDA METRO CENTER,SUITE 1250,BETHESDA,MD,20814.0,301.0,3 BETHESDA METRO CENTER,SUITE 1250,BETHESDA,MD,20814.0,,
1317588,0,"ABRAMS BISON INVESTMENTS, LLC",2020-08-14 00:00:00,DE,,,,3 BETHESDA METRO CENTER,SUITE 1250,BETHESDA,MD,20814.0,301.0,3 BETHESDA METRO CENTER,SUITE 1250,BETHESDA,MD,20814.0,,
1317588,0,"ABRAMS BISON INVESTMENTS, LLC",2020-11-16 00:00:00,DE,,,,3 BETHESDA METRO CENTER,SUITE 1250,BETHESDA,MD,20814.0,301.0,3 BETHESDA METRO CENTER,SUITE 1250,BETHESDA,MD,20814.0,,
1358706,204043368,"ABRAMS CAPITAL MANAGEMENT, L.P.",2019-02-14 00:00:00,DE,,,1231.0,"222 BERKELEY STREET, 21ST FLOOR",,BOSTON,MA,2116.0,617.0,"222 BERKELEY STREET, 21ST FLOOR",,BOSTON,MA,2116.0,"PAMET CAPITAL MANAGEMENT, LP",2006-04-07 00:00:00
1358706,204043368,"ABRAMS CAPITAL MANAGEMENT, L.P.",2019-05-10 00:00:00,DE,,,1231.0,"222 BERKELEY STREET, 21ST FLOOR",,BOSTON,MA,2116.0,617.0,"222 BERKELEY STREET, 21ST FLOOR",,BOSTON,MA,2116.0,"PAMET CAPITAL MANAGEMENT, LP",2006-04-07 00:00:00
1358706,204043368,"ABRAMS CAPITAL MANAGEMENT, L.P.",2019-08-09 00:00:00,DE,,,1231.0,"222 BERKELEY STREET, 21ST FLOOR",,BOSTON,MA,2116.0,617.0,"222 BERKELEY STREET, 21ST FLOOR",,BOSTON,MA,2116.0,"PAMET CAPITAL MANAGEMENT, LP",2006-04-07 00:00:00
1358706,204043368,"ABRAMS CAPITAL MANAGEMENT, L.P.",2019-11-14 00:00:00,DE,,,1231.0,"222 BERKELEY STREET, 21ST FLOOR",,BOSTON,MA,2116.0,617.0,"222 BERKELEY STREET, 21ST FLOOR",,BOSTON,MA,2116.0,"PAMET CAPITAL MANAGEMENT, LP",2006-04-07 00:00:00
1358706,204043368,"ABRAMS CAPITAL MANAGEMENT, L.P.",2020-02-14 00:00:00,DE,,,1231.0,"222 BERKELEY STREET, 21ST FLOOR",,BOSTON,MA,2116.0,617.0,"222 BERKELEY STREET, 21ST FLOOR",,BOSTON,MA,2116.0,"PAMET CAPITAL MANAGEMENT, LP",2006-04-07 00:00:00
1358706,204043368,"ABRAMS CAPITAL MANAGEMENT, L.P.",2020-05-14 00:00:00,DE,,,1231.0,"222 BERKELEY STREET, 21ST FLOOR",,BOSTON,MA,2116.0,617.0,"222 BERKELEY STREET, 21ST FLOOR",,BOSTON,MA,2116.0,"PAMET CAPITAL MANAGEMENT, LP",2006-04-07 00:00:00
1358706,204043368,"ABRAMS CAPITAL MANAGEMENT, L.P.",2020-08-13 00:00:00,DE,,,1231.0,"222 BERKELEY STREET, 21ST FLOOR",,BOSTON,MA,2116.0,617.0,"222 BERKELEY STREET, 21ST FLOOR",,BOSTON,MA,2116.0,"PAMET CAPITAL MANAGEMENT, LP",2006-04-07 00:00:00
1358706,204043368,"ABRAMS CAPITAL MANAGEMENT, L.P.",2020-11-13 00:00:00,DE,,,1231.0,"222 BERKELEY STREET, 21ST FLOOR",,BOSTON,MA,2116.0,617.0,"222 BERKELEY STREET, 21ST FLOOR",,BOSTON,MA,2116.0,"PAMET CAPITAL MANAGEMENT, LP",2006-04-07 00:00:00
1031972,742411461,ACADEMY CAPITAL MANAGEMENT INC/TX,2019-02-12 00:00:00,TX,,,1231.0,500 N VALLEY MILLS DR,SUITE 200,WACO,TX,76710.0,2547510555.0,500 N VALLEY MILLS DR,SUITE 200,WACO,TX,76710.0,,
1031972,742411461,ACADEMY CAPITAL MANAGEMENT INC/TX,2019-05-01 00:00:00,TX,,,1231.0,500 N VALLEY MILLS DR,SUITE 200,WACO,TX,76710.0,2547510555.0,500 N VALLEY MILLS DR,SUITE 200,WACO,TX,76710.0,,
1031972,742411461,ACADEMY CAPITAL MANAGEMENT INC/TX,2019-08-05 00:00:00,TX,,,1231.0,500 N VALLEY MILLS DR,SUITE 200,WACO,TX,76710.0,2547510555.0,500 N VALLEY MILLS DR,SUITE 200,WACO,TX,76710.0,,
1031972,742411461,ACADEMY CAPITAL MANAGEMENT INC/TX,2019-11-05 00:00:00,TX,,,1231.0,500 N VALLEY MILLS DR,SUITE 200,WACO,TX,76710.0,2547510555.0,500 N VALLEY MILLS DR,SUITE 200,WACO,TX,76710.0,,
1031972,742411461,ACADEMY CAPITAL MANAGEMENT INC/TX,2020-02-04 00:00:00,TX,,,1231.0,500 N VALLEY MILLS DR,SUITE 200,WACO,TX,76710.0,2547510555.0,500 N VALLEY MILLS DR,SUITE 200,WACO,TX,76710.0,,
1031972,742411461,ACADEMY CAPITAL MANAGEMENT INC/TX,2020-05-08 00:00:00,TX,,,1231.0,500 N VALLEY MILLS DR,SUITE 200,WACO,TX,76710.0,2547510555.0,500 N VALLEY MILLS DR,SUITE 200,WACO,TX,76710.0,,
1031972,742411461,ACADEMY CAPITAL MANAGEMENT INC/TX,2020-08-07 00:00:00,TX,,,1231.0,500 N VALLEY MILLS DR,SUITE 200,WACO,TX,76710.0,2547510555.0,500 N VALLEY MILLS DR,SUITE 200,WACO,TX,76710.0,,
1031972,742411461,ACADEMY CAPITAL MANAGEMENT INC/TX,2020-11-12 00:00:00,TX,,,1231.0,500 N VALLEY MILLS DR,SUITE 200,WACO,TX,76710.0,2547510555.0,500 N VALLEY MILLS DR,SUITE 200,WACO,TX,76710.0,,
916542,42929221,ACADIAN ASSET MANAGEMENT LLC,2019-02-07 00:00:00,DE,,,1231.0,260 FRANKLIN STREET,,BOSTON,MA,2110.0,617.0,260 FRANKLIN STREET,,BOSTON,MA,2110.0,ACADIAN ASSET MANAGEMENT INC /MA/,1993-12-23 00:00:00
916542,42929221,ACADIAN ASSET MANAGEMENT LLC,2019-05-09 00:00:00,DE,,,1231.0,260 FRANKLIN STREET,,BOSTON,MA,2110.0,617.0,260 FRANKLIN STREET,,BOSTON,MA,2110.0,ACADIAN ASSET MANAGEMENT INC /MA/,1993-12-23 00:00:00
916542,42929221,ACADIAN ASSET MANAGEMENT LLC,2019-08-08 00:00:00,DE,,,1231.0,260 FRANKLIN STREET,,BOSTON,MA,2110.0,617.0,260 FRANKLIN STREET,,BOSTON,MA,2110.0,ACADIAN ASSET MANAGEMENT INC /MA/,1993-12-23 00:00:00
916542,42929221,ACADIAN ASSET MANAGEMENT LLC,2019-11-07 00:00:00,DE,,,1231.0,260 FRANKLIN STREET,,BOSTON,MA,2110.0,617.0,260 FRANKLIN STREET,,BOSTON,MA,2110.0,ACADIAN ASSET MANAGEMENT INC /MA/,1993-12-23 00:00:00
916542,42929221,ACADIAN ASSET MANAGEMENT LLC,2020-02-06 00:00:00,DE,,,1231.0,260 FRANKLIN STREET,,BOSTON,MA,2110.0,617.0,260 FRANKLIN STREET,,BOSTON,MA,2110.0,ACADIAN ASSET MANAGEMENT INC /MA/,1993-12-23 00:00:00
916542,42929221,ACADIAN ASSET MANAGEMENT LLC,2020-05-11 00:00:00,DE,,,1231.0,260 FRANKLIN STREET,,BOSTON,MA,2110.0,617.0,260 FRANKLIN STREET,,BOSTON,MA,2110.0,ACADIAN ASSET MANAGEMENT INC /MA/,1993-12-23 00:00:00
916542,42929221,ACADIAN ASSET MANAGEMENT LLC,2020-08-12 00:00:00,DE,,,1231.0,260 FRANKLIN STREET,,BOSTON,MA,2110.0,617.0,260 FRANKLIN STREET,,BOSTON,MA,2110.0,ACADIAN ASSET MANAGEMENT INC /MA/,1993-12-23 00:00:00
916542,42929221,ACADIAN ASSET MANAGEMENT LLC,2020-11-09 00:00:00,DE,,,1231.0,260 FRANKLIN STREET,,BOSTON,MA,2110.0,617.0,260 FRANKLIN STREET,,BOSTON,MA,2110.0,ACADIAN ASSET MANAGEMENT INC /MA/,1993-12-23 00:00:00
1248538,223726962,ACCEL VIII ASSOCIATES LLC,2019-02-13 00:00:00,DE,,,1231.0,500 UNIVERSITY AVENUE,,PALO,CA,94301.0,6506144800.0,500 UNIVERSITY AVENUE,,PALO,CA,94301.0,,
1248538,223726962,ACCEL VIII ASSOCIATES LLC,2019-05-15 00:00:00,DE,,,1231.0,500 UNIVERSITY AVENUE,,PALO,CA,94301.0,6506144800.0,500 UNIVERSITY AVENUE,,PALO,CA,94301.0,,
1248538,223726962,ACCEL VIII ASSOCIATES LLC,2019-08-13 00:00:00,DE,,,1231.0,500 UNIVERSITY AVENUE,,PALO,CA,94301.0,6506144800.0,500 UNIVERSITY AVENUE,,PALO,CA,94301.0,,
1248538,223726962,ACCEL VIII ASSOCIATES LLC,2019-11-14 00:00:00,DE,,,1231.0,500 UNIVERSITY AVENUE,,PALO,CA,94301.0,6506144800.0,500 UNIVERSITY AVENUE,,PALO,CA,94301.0,,
1699622,411668844,"ACCESS FINANCIAL SERVICES, INC.",2019-02-19 00:00:00,MN,,,1231.0,1650 W 82ND ST STE 850,,MINNEAPOLIS,MN,55431.0,9528852732.0,1650 W 82ND ST STE 850,,MINNEAPOLIS,MN,55431.0,,
1699622,411668844,"ACCESS FINANCIAL SERVICES, INC.",2019-04-25 00:00:00,MN,,,1231.0,1650 W 82ND ST STE 850,,MINNEAPOLIS,MN,55431.0,9528852732.0,1650 W 82ND ST STE 850,,MINNEAPOLIS,MN,55431.0,,
1699622,411668844,"ACCESS FINANCIAL SERVICES, INC.",2019-07-24 00:00:00,MN,,,1231.0,1650 W 82ND ST STE 850,,MINNEAPOLIS,MN,55431.0,9528852732.0,1650 W 82ND ST STE 850,,MINNEAPOLIS,MN,55431.0,,
1699622,411668844,"ACCESS FINANCIAL SERVICES, INC.",2019-11-01 00:00:00,MN,,,1231.0,1650 W 82ND ST STE 850,,MINNEAPOLIS,MN,55431.0,9528852732.0,1650 W 82ND ST STE 850,,MINNEAPOLIS,MN,55431.0,,
1699622,411668844,"ACCESS FINANCIAL SERVICES, INC.",2020-01-21 00:00:00,MN,,,1231.0,1650 W 82ND ST STE 850,,MINNEAPOLIS,MN,55431.0,9528852732.0,1650 W 82ND ST STE 850,,MINNEAPOLIS,MN,55431.0,,
1699622,411668844,"ACCESS FINANCIAL SERVICES, INC.",2020-04-16 00:00:00,MN,,,1231.0,1650 W 82ND ST STE 850,,MINNEAPOLIS,MN,55431.0,9528852732.0,1650 W 82ND ST STE 850,,MINNEAPOLIS,MN,55431.0,,
1699622,411668844,"ACCESS FINANCIAL SERVICES, INC.",2020-08-11 00:00:00,MN,,,1231.0,1650 W 82ND ST STE 850,,MINNEAPOLIS,MN,55431.0,9528852732.0,1650 W 82ND ST STE 850,,MINNEAPOLIS,MN,55431.0,,
1699622,411668844,"ACCESS FINANCIAL SERVICES, INC.",2020-11-06 00:00:00,MN,,,1231.0,1650 W 82ND ST STE 850,,MINNEAPOLIS,MN,55431.0,9528852732.0,1650 W 82ND ST STE 850,,MINNEAPOLIS,MN,55431.0,,
1618832,981073709,ACCIDENT COMPENSATION CORP,2019-02-11 00:00:00,Q,,,630.0,19 AITKEN STREET,,WELLINGTON,Q,6140.0,64.0,19 AITKEN STREET,,WELLINGTON,Q,6140.0,,
1618832,981073709,ACCIDENT COMPENSATION CORP,2019-05-21 00:00:00,Q,,,630.0,19 AITKEN STREET,,WELLINGTON,Q,6140.0,64.0,19 AITKEN STREET,,WELLINGTON,Q,6140.0,,
1618832,981073709,ACCIDENT COMPENSATION CORP,2019-08-13 00:00:00,Q,,,630.0,19 AITKEN STREET,,WELLINGTON,Q,6140.0,64.0,19 AITKEN STREET,,WELLINGTON,Q,6140.0,,
1618832,981073709,ACCIDENT COMPENSATION CORP,2019-11-12 00:00:00,Q,,,630.0,19 AITKEN STREET,,WELLINGTON,Q,6140.0,64.0,19 AITKEN STREET,,WELLINGTON,Q,6140.0,,
1618832,981073709,ACCIDENT COMPENSATION CORP,2020-02-10 00:00:00,Q,,,630.0,19 AITKEN STREET,,WELLINGTON,Q,6140.0,64.0,19 AITKEN STREET,,WELLINGTON,Q,6140.0,,
1618832,981073709,ACCIDENT COMPENSATION CORP,2020-05-13 00:00:00,Q,,,630.0,19 AITKEN STREET,,WELLINGTON,Q,6140.0,64.0,19 AITKEN STREET,,WELLINGTON,Q,6140.0,,
1618832,981073709,ACCIDENT COMPENSATION CORP,2020-08-13 00:00:00,Q,,,630.0,19 AITKEN STREET,,WELLINGTON,Q,6140.0,64.0,19 AITKEN STREET,,WELLINGTON,Q,6140.0,,
0001618832,981073709,ACCIDENT COMPENSATION CORP,2020-08-17 00:00:00,Q,,,0630,19 AITKEN STREET,,WELLINGTON,Q,06140,64,19 AITKEN STREET,,WELLINGTON,Q,06140,,
